{
	"version": 1,
	"changelists": [
		{
			"guid": "00000000000000000000000000000000",
			"description": "Default Uncontrolled Changelist",
			"files": [
				"C:/Users/arnabb3/Downloads/InfiniteMatrixCompleteProject/InfiniteMatrixComplete 5.1/Content/InfiniteMatrix/Blueprints/BP_Player.uasset",
				"C:/Users/arnabb3/Downloads/InfiniteMatrixCompleteProject/InfiniteMatrixComplete 5.1/Content/InfiniteMatrix/Maps/TutorialMap.umap",
				"C:/Users/arnabb3/Downloads/InfiniteMatrixCompleteProject/InfiniteMatrixComplete 5.1/Content/InfiniteMatrix/Blueprints/HealthBar.uasset",
				"C:/Users/arnabb3/Downloads/InfiniteMatrixCompleteProject/InfiniteMatrixComplete 5.1/Content/InfiniteMatrix/Blueprints/BP_Tunnel.uasset",
				"C:/Users/arnabb3/Downloads/InfiniteMatrixCompleteProject/InfiniteMatrixComplete 5.1/Content/InfiniteMatrix/Blueprints/BP_Enemy.uasset",
				"C:/Users/arnabb3/Downloads/InfiniteMatrixCompleteProject/InfiniteMatrixComplete 5.1/Content/InfiniteMatrix/Blueprints/ScoreDisplay.uasset",
				"C:/Users/arnabb3/Downloads/InfiniteMatrixCompleteProject/InfiniteMatrixComplete 5.1/Content/InfiniteMatrix/Blueprints/BP_TunnelSpawner.uasset",
				"C:/Users/arnabb3/Downloads/InfiniteMatrixCompleteProject/InfiniteMatrixComplete 5.1/Content/InfiniteMatrix/Blueprints/MetricUI.uasset",
				"C:/Program Files/Epic Games/UE_5.1/Engine/Content/BasicShapes/BasicShapeMaterial.uasset",
				"C:/Users/arnabb3/Downloads/InfiniteMatrixCompleteProject/InfiniteMatrixComplete 5.1/Content/InfiniteMatrix/Blueprints/BP_Opp.uasset",
				"C:/Users/arnabb3/Downloads/InfiniteMatrixCompleteProject/InfiniteMatrixComplete 5.1/Content/InfiniteMatrix/Blueprints/BP_HealthPack.uasset",
				"C:/Users/arnabb3/Downloads/InfiniteMatrixCompleteProject/InfiniteMatrixComplete 5.1/Content/InfiniteMatrix/Materials/ProjectileMaterial.uasset",
				"C:/Users/arnabb3/Downloads/InfiniteMatrixCompleteProject/InfiniteMatrixComplete 5.1/Content/InfiniteMatrix/Blueprints/BP_Projectile.uasset"
			]
		}
	]
}