{
	"version": 1,
	"changelists": [
		{
			"guid": "00000000000000000000000000000000",
			"description": "Default Uncontrolled Changelist",
			"files": [
				"C:/Users/arnabb3/Downloads/InfiniteMatrixCompleteProject/InfiniteMatrixComplete 5.1/Content/InfiniteMatrix/Blueprints/BP_Player.uasset",
				"C:/Users/arnabb3/Downloads/InfiniteMatrixCompleteProject/InfiniteMatrixComplete 5.1/Content/InfiniteMatrix/Maps/TutorialMap.umap",
				"C:/Users/arnabb3/Downloads/InfiniteMatrixCompleteProject/InfiniteMatrixComplete 5.1/Content/InfiniteMatrix/Blueprints/HealthBar.uasset",
				"C:/Users/arnabb3/Downloads/InfiniteMatrixCompleteProject/InfiniteMatrixComplete 5.1/Content/InfiniteMatrix/Blueprints/BP_Tunnel.uasset"
			]
		}
	]
}